video_id,publish_date,passive_voice_count,relative_frequency,vvn_strings
_7NksAcG_l8,20240714,5,0.49019607843137253,"taken, impacted, killed, taken, bombed"
RDLZkqqOaLM,20240726,3,0.15159171298635674,"glued, set, supposed"
cSMPo4XCSYU,20231117,12,0.3538779121203185,"prepared, released, hidden, confirmed, told, taken, taken, killed, killed, killed, found, butchered"
fhwhQhoKVhk,20231220,11,0.33783783783783783,"made, killed, killed, killed, killed, circulated, circulated, suspended, believed, confirmed, called"
QG9QSHEgX6E,20231107,11,0.4066543438077634,"described, killed, mentioned, mentioned, killed, displaced, killed, killed, restored, reconnected, noted"
l5pL2DhnjEE,20231121,8,0.37968675842429994,"killed, taken, taken, murdered, found, confined, released, rescued"
o0arAFe0WmE,20231103,16,0.5079365079365079,"left, taken, started, held, released, killed, released, released, born, murdered, kidnapped, managed, dismembered, injured, built, created"
FYck1QG52I0,20231019,1,0.1049317943336831,agreed
xSgxVYaNfXg,20231120,12,0.516795865633075,"killed, heard, seen, fired, told, asked, taken, trapped, brought, reassured, shifted, brought"
7qxY2fjvGhE,20231027,2,0.1937984496124031,"received, held"
lH3jvaO1wXc,20240221,6,0.8064516129032258,"killed, targeted, killed, held, accused, bombed"
we2YBYfeL58,20231015,4,0.3868471953578337,"flattened, sent, held, caught"
xjeZ0ot9I_Q,20240103,7,0.42813455657492355,"killed, carried, known, told, planned, killed, killed"
JwTjZs1kkzI,20231205,11,0.6037321624588364,"told, driven, engaged, asked, released, bombed, bombed, pushed, bombed, killed, killed"
BIF4B4s1WWk,20240406,4,0.3536693191865605,"affected, displaced, permitted, banned"
EEMrHbVn-x4,20231110,6,0.14792899408284024,"attacked, pushed, designated, injured, subjected, offered"
2S1Jq58-Krs,20240407,22,1.07421875,"killed, kidnapped, murdered, shot, appointed, kidnapped, kidnapped, murdered, kidnapped, kidnapped, released, done, Overjoyed, released, kidnapped, released, happened, murdered, locked, released, shut, saved"
HkhyP7-LCw8,20231124,18,0.6147540983606558,"freed, freed, released, released, released, released, released, broken, released, released, taken, concerned, released, summoned, involved, convicted, agreed, held"
Cd4DHesX1sU,20231126,3,0.2676181980374665,"displaced, exposed, delivered"
wzrFCDo-QXY,20240702,0,0.0,
D-W-DL3AJcI,20240622,1,0.1652892561983471,destroyed
Y52gkXzJgtk,20240803,4,0.535475234270415,"told, changed, killed, killed"
vuTUeoxRxKA,20231115,7,0.45721750489875895,"discovered, treated, invaded, exploded, used, taken, affected"
8zB4HN2h01I,20240731,8,0.20607934054611027,"killed, supposed, killed, founded, arrested, exiled, seen, killed"
kdfIJyfhbwI,20240220,0,0.0,
PdVMtjFu5Uc,20240123,6,0.24291497975708504,"leveled, told, subjected, killed, focused, subjected"
ltul06q2pd0,20231101,17,0.9209100758396532,"targeted, killed, struck, allowed, injured, allowed, released, struck, created, struck, killed, injured, killed, injured, allowed, sent, approved"
lvhBl-GjKwA,20240108,0,0.0,
SB5_vNQgTKs,20231012,11,0.45045045045045046,"forced, killed, crushed, treated, displayed, taken, killed, touched, committed, killed, lost"
P7vXJY21Fow,20240419,1,0.10152284263959391,issued
DVTYyvQvLTM,20240104,3,0.31282586027111575,"killed, caused, evacuated"
hQ4fJ1Ey4rU,20240118,7,0.2875924404272802,"loaded, lost, preserved, set, armed, set, floated"
BfMO5snTG2I,20240221,2,0.1759014951627089,"killed, displaced"
VrgBQlq9w_o,20240416,5,0.31036623215394166,"damaged, designed, seen, put, lifted"
SigTwH0T5KY,20231117,2,0.08830022075055188,"cancelled, sponsored"
KTJ38RPZlGs,20240115,2,0.5305039787798408,"killed, marked"
bG1PL37OAiM,20231130,9,0.5813953488372093,"killed, posted, killed, extended, brought, released, treated, abducted, taken"
onUWmPAb6Fw,20240205,1,0.05243838489774515,accused
HtIa2H9MU-4,20240406,2,0.7168458781362007,"seen, built"
BqFOwduKHSA,20240527,0,0.0,
X7SqqvhmyaM,20231222,9,0.6401137980085349,"described, displaced, damaged, damaged, killed, injured, wiped, flattened, called"
IUTqD0xWG5A,20231026,4,0.21965952773201539,"written, announced, exposed, taken"
V2IX9tnzhyI,20240306,1,0.09643201542912247,dropped
87jeUSQ8jHg,20240610,2,0.29069767441860467,"expected, displaced"
sjbwH5MKwtI,20231022,2,0.12414649286157665,"taken, asked"
Cjh8TtaifyY,20240213,3,0.1749271137026239,"compressed, made, destroyed"
YQCy4mFyH54,20231020,0,0.0,
_Uzi8jSAkE4,20240817,4,0.24509803921568626,"informed, targeted, released, killed"
kQhahxoGMl0,20240105,5,0.2077274615704196,"caught, voiced, heard, brought, destroyed"
QKweW3yiG-U,20240818,3,0.31982942430703626,"killed, fired, made"
6CVqQiPDJzM,20240109,1,0.03700962250185048,displaced
J208Jszbnp0,20240611,1,0.1371742112482853,concerned
XxCOzdpwKX8,20231103,9,0.27132951462164606,"strengthened, evacuated, forced, killed, hit, damaged, impacted, damaged, killed"
8HPzQxnqNz0,20231016,1,0.09652509652509653,aimed
XDAVCAoFuto,20240429,1,0.08090614886731393,cancelled
cAW0jx0WDOA,20240819,5,0.5219206680584552,"put, presented, closed, accused, asked"
0rdutewdOB8,20240107,1,0.12195121951219512,killed
MNl2XPJI1kc,20240205,6,0.6329113924050633,"killed, surprised, released, laid, set, set"
NC0G3GwQgTM,20240321,1,0.10245901639344263,declared
-SfSJIFcFsU,20231106,1,0.07220216606498195,heated
yXWX1P6Lc98,20240429,4,0.2230897936419409,"bombed, displaced, killed, closed"
fHDZbWWX-as,20240725,4,0.3303055326176713,"arrested, conducted, postponed, agreed"
MUPktKGykPY,20240730,3,0.3293084522502744,"heard, targeted, killed"
YfCVbWKaqHQ,20240205,1,0.07751937984496124,mixed
GQVgo-d8I_Q,20240818,1,0.12562814070351758,killed
vhIw-_FHGYg,20231028,4,0.6968641114982579,"solved, cancelled, thrown, detained"
UFKgle1hpyA,20240417,0,0.0,
j5t7IF4yxQM,20240626,26,0.1777291680907786,"taken, involved, announced, killed, followed, formed, ramped, evacuated, evacuated, sent, relieved, conceived, founded, killed, killed, defeated, affected, killed, formed, ignored, used, killed, killed, killed, killed, killed"
yIlEUF5Iqwc,20240207,5,0.33738191632928477,"rocked, handed, rushed, handed, raised"
fcST76QCRp8,20240509,3,0.11393847322445878,"martyred, accused, tied"
EMCrICXrN3A,20231020,1,0.10905125408942204,impacted
yb5HI5aZNvo,20231109,7,0.7478632478632479,"seen, driven, born, seen, heard, released, presented"
NM_kOaI3Nys,20240823,1,0.13175230566534915,made
-nH9LYNAnKQ,20240307,0,0.0,
W6MfuI04tnM,20240108,1,0.10615711252653928,adjudicated
tC6alA9utqg,20240319,0,0.0,
vUA6XrdH0Ig,20240504,2,0.15060240963855423,"described, quoted"
ygao73eup5k,20240715,3,0.23255813953488372,"welcomed, offered, destroyed"
4VcIhEjQARk,20240403,0,0.0,
SiGusU0uu3c,20231212,4,0.5298013245033113,"sent, displaced, displaced, asked"
MOUFa6Kr7VM,20231011,19,0.5504055619930475,"launched, abducted, taken, posted, dragged, closed, discovered, released, attacked, abducted, got, pulled, found, taken, created, programed, slaughtered, programed, bound"
RVMGvEvNr_A,20240506,5,0.3952569169960474,"told, promised, targeted, overtaken, made"
q7q4ifX3g4s,20240813,1,0.11750881316098707,said
8fk7a35sMP8,20240229,5,0.5133470225872689,"killed, injured, overwhelmed, overwhelmed, run"
sllsUZSQ9Po,20240204,3,0.25380710659898476,"killed, shipped, released"
w1ev26-7uAw,20240524,5,0.3037667071688943,"announced, recalled, established, called, reached"
rMiO3DoaudU,20231023,0,0.0,
5wX7rtI-U2g,20240903,3,0.2597402597402597,"killed, bulldozed, left"
HcRbfI-BzEo,20231108,1,0.04875670404680643,tainted
9v_lhmFGzug,20240809,6,0.1694915254237288,"killed, killed, revived, released, killed, killed"
OTsjNUHECyo,20231122,11,1.109989909182644,"confirmed, injured, killed, buried, killed, killed, forced, killed, killed, killed, told"
ZpS3rq4htyA,20240402,5,0.30921459492888065,"killed, killed, killed, killed, said"
75P2jJsxK5E,20240707,14,1.1226944667201284,"killed, killed, estimated, killed, rushed, treated, made, displaced, killed, injured, displaced, revived, put, dropped"
0qcrdGLFj_4,20240703,1,0.2777777777777778,killed
RuAKfNWogg4,20231108,10,0.4514672686230248,"killed, limited, called, described, built, built, used, designed, collapsed, described"
N59I35ug18o,20231126,13,0.9206798866855523,"delayed, held, released, killed, murdered, agreed, delayed, selected, released, handed, brought, agreed, talked"
lFqohsr2JUE,20240816,10,0.7898894154818324,"destroyed, destroyed, raised, put, put, destroyed, asked, told, sprayed, lost"
EzuhWgbH-MM,20231213,6,0.2967359050445104,"bombed, displaced, asked, killed, displaced, killed"
e28HUQemxro,20231228,3,0.23715415019762848,"killed, displaced, evacuated"
JiARfFE_AiM,20240131,4,0.43956043956043955,"forced, forced, displaced, forced"
K30VZ5-Iepo,20240120,2,0.234192037470726,"concerned, reported"
wh3QTVj8ta4,20240407,1,0.35842293906810035,forced
dTRVE4lV_sc,20240823,0,0.0,
Ruq6YlmvXHU,20231106,3,0.13477088948787064,"involved, provided, surprised"
u7UF4sooLEk,20240215,1,0.12738853503184713,ordered
WGmUq0UP5GQ,20240225,0,0.0,
1CpJCOk17w4,20240719,1,0.11402508551881414,supposed
NsNDr6Su65I,20240821,0,0.0,
cBSUICMFDiE,20231031,8,0.3664681630783326,"intercepted, displaced, killed, killed, martyred, killed, hit, stried"
QW-cWj7WatE,20240710,9,0.6574141709276844,"killed, fired, come, killed, harmed, harmed, hid, asked, seen"
YT3CV8T6_vY,20240810,3,0.4329004329004329,"reported, taken, trapped"
mex-jSmyh48,20231225,6,0.2376237623762376,"killed, produced, told, stolen, released, used"
RaI0NwxzDWw,20240102,10,0.499001996007984,"carried, killed, killed, engaged, launched, launched, cancelled, supposed, founded, killed"
3RRSZ-l4uGs,20240129,5,0.4149377593360996,"killed, killed, carried, conducted, coordinated"
t1zqjgGKxzU,20240129,1,0.07686395080707148,killed
L5wEjLNUGlc,20231112,19,0.5621301775147929,"displaced, displaced, shot, shot, suspended, exposed, bombarded, comped, attacked, attacked, killed, injured, inured, shot, destructed, killed, killed, killed, killed"
6H5qelKTDew,20240311,5,0.30284675953967294,"given, granted, told, dented, predicted"
NslmiNi8g_8,20240221,5,0.30413625304136255,"banned, closed, held, shown, done"
JgbVZq1BhI8,20240216,3,0.23790642347343377,"confirmed, told, displaced"
fwV2P9PuWng,20240304,6,0.14563106796116504,"taken, moved, reported, destroyed, taken, asked"
wyqHuhmsA28,20240331,0,0.0,
dDFk9IBdRj0,20240501,1,0.07674597083653108,closed
KpiaMIhCmtQ,20231026,0,0.0,
Es8fY901Tbk,20240521,1,0.10626992561105207,issued
8PeQPFfDhi4,20240321,3,0.4815409309791332,"taken, kicked, put"
K7b9ZJUCmNc,20231026,0,0.0,
6PMv_Z6a_yU,20240122,1,0.0975609756097561,leaked
W17RwKG33hQ,20231111,5,0.3021148036253776,"committed, committed, United, divided, supported"
Q7v5BPloG10,20240212,3,0.6637168141592921,"involved, involved, founded"
9eUjeGQXpTQ,20240119,0,0.0,
1WsLMJbbh2o,20240510,3,0.2958579881656805,"decided, met, started"
aFAMlKG62hs,20231024,0,0.0,
aFAMlKG62hs,20231024,0,0.0,
Uar3I_LUSyM,20231011,13,0.3688989784335982,"involved, involved, inspired, confirmed, kidnapped, done, done, released, offered, released, made, financed, forced"
1BG-qGf7_-c,20240522,10,0.2403846153846154,"sought, done, faced, done, allowed, attacked, done, used, done, protected"
Bq-egJlwHlo,20240422,2,0.4132231404958678,"found, found"
ZT8d9-98PIs,20240803,31,0.4891132849479331,"turned, approved, leveled, brought, displaced, denied, surrounded, prosecuted, set, prosecuted, raided, destroyed, detained, abducted, shut, stripped, left, killed, killed, brought, brought, attacked, stationed, found, taken, killed, killed, given, destroyed, destroyed, killed"
Ux5Zk8CzGec,20231011,6,0.5763688760806917,"kidnapped, raided, burned, kidnapped, done, born"
qcg07VlxBT4,20240509,4,0.3703703703703704,"engaged, displaced, struck, fired"
C87Aknwdfug,20231106,6,0.39087947882736157,"killed, killed, pulled, born, forced, born"
eZdCXC1ubOw,20240804,7,0.5533596837944664,"injured, killed, killed, shot, confirmed, done, shot"
RJ72FmcnLRA,20231101,11,0.31746031746031744,"forced, allowed, injured, allowed, put, told, killed, transferred, let, released, released"
wM3WA2Eafl4,20231125,21,0.8430349257326376,"freed, released, released, jailed, released, set, included, killed, released, returned, jailed, jailed, shot, felt, reunited, paraded, wounded, released, shot, killed, involved"
_q70phXW2es,20240307,3,0.20964360587002098,"turned, looted, suppressed"
MgeO5qIGmqU,20231123,9,0.391815411406182,"done, supposed, involved, agreed, bombed, taken, released, captured, captured"
O4TAt3-qMXY,20240226,2,0.12353304508956146,"entitled, entitled"
AcfMmP4-Xkg,20240602,6,0.291403593977659,"laid, put, proposed, worked, crossed, accomplished"
pghyvBNaG_4,20231229,12,0.9188361408882083,"destroyed, killed, killed, displaced, destroyed, classified, killed, bombed, displaced, killed, killed, wounded"
9tMD7wTRcZ4,20231031,3,0.26292725679228746,"kidnapped, found, assured"
_2SbkxtSl8g,20240105,5,0.3419972640218878,"killed, considered, laid, killed, caused"
B8Nznaz4SY8,20240327,6,0.31512605042016806,"surprised, killed, denied, denied, announced, announced"
xJSMk7Ey17U,20231123,17,0.5426109160548994,"reported, killed, exerted, killed, delayed, achieved, delayed, taken, opposed, struck, discussed, arrested, convicted, delayed, delayed, made, delayed"
Ipb25CX0fEY,20231222,0,0.0,
LYVQrakhMqI,20231020,2,0.13869625520110956,"bombed, destroyed"
BK-W8EjLCOk,20231106,0,0.0,
rbgU5S1rH-Q,20231124,11,0.2932551319648094,"killed, expected, told, notified, told, approved, displaced, discharged, taken, left, told"
oLiqtXezpuM,20240815,0,0.0,
g37yu-lfdxA,20240815,6,0.20768431983385255,"released, accused, suggested, assassinated, involved, Left"
uzQBNEz_k50,20240826,0,0.0,
KOFcIP-lc6M,20231013,8,0.5079365079365079,"killed, disbanded, killed, killed, set, engaged, heated, asked"
ngzBDjPIj18,20240729,3,0.25996533795493937,"driven, coopted, made"
knm9ILovWlk,20240510,5,0.333555703802535,"displaced, displaced, raised, asked, displaced"
psr9UMCbfb4,20240319,3,0.1735106998264893,"allowed, based, targeted"
Q4hgtJy2zNI,20240127,4,0.20387359836901123,"killed, involved, involved, reported"
L3W9fvtTHKs,20240713,2,0.2869440459110474,"taken, deemed"
HsAgj-mZLYg,20231014,4,0.14820303816228234,"given, cut, killed, announced"
c7VoO1mKZIw,20231015,7,0.45691906005221933,"taken, represented, abducted, killed, taken, killed, struck"
n-UkvlrIkug,20240103,1,0.24154589371980675,reported
d2m7WC5nem4,20240316,0,0.0,
kNgUiYzUlWc,20231106,15,0.43490866917947235,"killed, killed, allowed, deemed, struck, cut, struck, made, carried, shuttered, freed, killed, injured, inflicted, weakened"
EHqq66hs68Y,20231105,5,0.33200531208499334,"conducted, cut, centered, killed, based"
4iFfFJcCc1Y,20240123,4,0.36036036036036034,"killed, engaged, mined, attacked"
CMUIiVuf0q4,20231111,7,0.2220812182741117,"suspended, struck, allowed, embedded, kidnapped, called, relocated"
qLW2CzsF_b8,20231107,6,0.2027712064886786,"kidnapped, suggested, killed, told, given, described"
EZRYRDPIuiY,20231106,6,0.3911342894393742,"killed, conducted, bombed, told, completed, killed"
fw3FYfcR6GE,20240107,0,0.0,
dzcSrGxrTNc,20231015,7,0.3448275862068966,"killed, displaced, evacuated, told, given, Unleashed, killed"
hYC4XmIAJ5M,20240126,4,0.49261083743842365,"martyred, hit, killed, committed"
i99qdu2QH0w,20231011,7,0.3216911764705882,"killed, told, hit, shut, caught, weakened, stored"
UW7fo9FPdys,20240517,3,0.28929604628736744,"designed, accused, disrupted"
w8K0unl_SYY,20240111,4,0.5291005291005291,"hit, buried, killed, committed"
U8LQIxpXv8M,20231105,3,0.20761245674740486,"killed, damaged, supposed"
62FAnfkm6vU,20231019,6,0.39499670836076367,"killed, caused, bombed, displaced, spoken, spared"
zCnUBmIVTh8,20231206,2,0.11940298507462686,"told, indicated"
2A5yuft_ep4,20231211,8,0.2952029520295203,"reported, killed, blocked, produced, called, displaced, displaced, displaced"
Zfse3uZvHjM,20231112,3,0.130718954248366,"born, allowed, confirmed"
gYiEEu4-f0s,20231124,7,0.1691638472692122,"displaced, filmed, destroyed, Riven, mentioned, built, killed"
Q5paF8cALsc,20231205,5,0.25342118601115055,"born, taken, displaced, asked, bombed"
qLwNWATuVVw,20231123,8,0.25220680958385877,"postponed, arrested, charged, arrested, eliminated, released, told, mounted"
DJPNkvLvnl0,20240218,2,0.27210884353741494,"killed, arrested"
uLdv113Mn9w,20231204,11,0.28735632183908044,"reported, told, cut, instructed, released, killed, averted, averted, told, told, eliminated"
TPDSbBydLW4,20231023,7,0.40462427745664736,"displaced, killed, destroyed, displaced, allowed, killed, called"
87m6LOCi_Cw,20231028,5,0.2385496183206107,"knocked, consulted, damaged, targeted, cut"
F-qKjLxYYSw,20231220,8,0.4484304932735426,"killed, killed, displaced, killed, lost, held, delayed, expected"
sVmsNN_RN7w,20231221,11,0.8320726172465961,"used, killed, damaged, delayed, delayed, reported, accused, supposed, released, used, used"
q7BrwJ8LREc,20231207,18,0.5136986301369862,"told, defined, surprised, handled, held, held, scared, scared, terrified, perceived, deemed, killed, killed, taken, released, held, taken, taken"
opUDordkmZk,20240207,4,0.24752475247524752,"displaced, halted, agreed, struck"
iHbEhdnz9qM,20231206,5,0.26399155227032733,"told, driven, engaged, pushed, told"
_IRYYHoQS9g,20240215,6,0.8888888888888888,"seized, killed, killed, evacuated, pushed, echoed"
HEFnxGufZhU,20240822,4,0.48250904704463204,"killed, blown, built, broken"
xO3OF0C5yjQ,20240719,0,0.0,
LEDlu-3Ujek,20231025,6,0.4784688995215311,"allowed, destroyed, allowed, allowed, intensified, subjected"
H2EycTjH97I,20240323,7,0.26575550493545935,"blocked, vetoed, bombed, killed, attempted, justified, claimed"
fcaIVECkzo4,20231120,7,0.4242424242424243,"killed, seen, reported, reported, displaced, released, reduced"
1SDUpFTw7ms,20240310,0,0.0,
uZNW781wFXM,20240424,6,0.30060120240480964,"arrested, supposed, arrested, signed, stalled, passed"
m5VzJ9-idQI,20240902,1,0.11695906432748539,vaccinated
ELHgcce_-f8,20240724,2,0.261437908496732,"detected, done"
YWM1O-7Xj-o,20231113,4,0.14754703061600885,"killed, updated, killed, killed"
Kbl3MtCVMD0,20231116,0,0.0,
eq3B3bvdYl4,20231030,8,0.3063960168517809,"destroyed, told, limited, killed, injured, killed, risen, allowed"
hW7iR5iBfrQ,20231110,8,0.2536461636017755,"wounded, mared, targeted, started, caused, killed, murdered, quoted"
IlqFJmKgkQ0,20240105,7,0.234192037470726,"worked, limited, done, withdrawn, carried, concerned, encountered"
uVbs-3av77E,20231114,6,0.24106066693451184,"devastated, committed, killed, defined, banned, created"
Qjvi1JD_OsE,20231012,4,0.3303055326176713,"scheduled, abducted, abducted, scheduled"
vc6olTfIb7o,20240317,0,0.0,
eAmAomEt9qA,20240108,1,0.07363770250368189,recorded
vXflBsxd6as,20240325,0,0.0,
wZy9nSnDeME,20240414,0,0.0,
mHnGNImxolI,20231127,1,0.14792899408284024,attacked
keANY7X6oKI,20240517,11,2.1653543307086616,"presumed, seen, killed, taken, murdered, transferred, completed, recovered, presumed, identified, taken"
0ty8qaFBK-k,20231030,20,0.9099181073703366,"confirmed, found, located, taken, relieved, dashed, abducted, evacuated, evacuated, taken, worried, found, kidnapped, found, kidnapped, murdered, murdered, taken, taken, allowed"
9uLG_9kDAQs,20231015,5,0.5720823798627002,"made, made, shot, killed, killed"
1jZDRjR7zck,20231103,6,0.5263157894736842,"viewed, published, taken, prohibited, prohibited, committed"
QSolxH97vhE,20231112,0,0.0,
QHw-qHongT0,20240426,7,1.0115606936416186,"harassed, prohibited, repeated, deemed, located, broken, broken"
eZziwjKVn1E,20240208,2,0.21953896816684962,"carried, taken"
oBXYkljqmKk,20240424,3,0.2643171806167401,"postponed, flagged, made"
Iuqh5sCASyE,20240113,1,0.15037593984962408,born
wuKAvpcUPDQ,20231121,8,0.15258439824527942,"abducted, forced, liberated, carried, talked, built, kidnapped, committed"
OKjW2Ahd1fo,20240906,1,0.14749262536873156,expected
hh1ehe3GjTw,20231011,9,0.2499305748403221,"hoped, cut, broken, represented, preceded, chased, beaten, stated, established"
PdUFGWWh6Uw,20240209,0,0.0,
Uxmbq3ouoE8,20231119,1,0.10101010101010101,done
LAJNbrGeiYI,20240728,0,0.0,
I8ZQHGcPYh8,20231206,3,0.20847810979847115,"released, held, exposed"
ofY1__7U4EE,20231025,5,0.2506265664160401,"received, shocked, refused, misinterpreted, involved"
Ug1S32X1BZQ,20240528,11,0.46590427784836935,"killed, killed, displaced, reduced, displaced, hit, killed, carried, used, used, crossed"
WUH4pgLAkuQ,20240812,4,0.5763688760806917,"freed, scheduled, made, heard"
kAZ5kg4c-l0,20240526,2,0.5813953488372093,"launched, launched"
fkSdFgX7pXw,20240731,15,0.294521892794031,"assassinated, killed, targeted, connected, pictured, born, found, crossed, assassinated, killed, targeted, established, accused, done, killed"
IGlBIACbkb8,20240228,2,0.21598272138228944,"described, told"
_OYKHiy5MoA,20240209,3,0.25510204081632654,"killed, displaced, left"
DaboSLKSkwA,20231125,2,0.29895366218236175,"received, made"
i3m7j0ei2Ag,20240428,3,0.3105590062111801,"terrorized, released, taken"
jzVmPqgd8YY,20231231,5,0.38197097020626436,"killed, forced, destroyed, destroyed, put"
uA4WUBoqyaM,20240825,4,0.4305705059203444,"stalled, described, done, proposed"
vX6HSBwfIO8,20231014,8,0.8948545861297539,"aired, flooded, viewed, published, uploaded, hacked, uploaded, published"
BDBRaXV00kI,20240303,1,0.1694915254237288,killed
OSgsjVD-Nr4,20240727,4,0.8130081300813009,"killed, displaced, taken, fatigued"
YEk0Xf85gOU,20231012,15,0.36319612590799033,"Riven, evacuated, viewed, perpetrated, exposed, taken, orchestrated, swapped, exchanged, done, done, left, forced, forced, covered"
_zKg3mQcgeY,20231022,2,0.1563721657544957,"caused, formed"
zbN-8YosB3k,20240223,1,0.09049773755656108,involved
ktSgTu2G2bQ,20231121,8,0.2918642831083546,"angered, trapped, brought, reassured, committed, criticized, struck, taken"
l6M0envDMHw,20240518,20,2.710027100271003,"seen, declared, found, killed, murdered, transferred, completed, recovered, recovered, done, recovered, taken, thought, confirmed, killed, recovered, recovered, killed, targeted, targeted"
oRODZvbHv-I,20240613,3,0.3640776699029126,"known, displaced, made"
AwQbPcq6HVo,20240620,5,0.13758943313153552,"killed, alarmed, conveyed, conveyed, released"
2GVgqBO6QpU,20240826,2,0.13764624913971094,"fired, launched"
dYGYPuvRu38,20240426,9,0.395778364116095,"negotiated, told, told, implemented, achieved, taken, killed, killed, directed"
aP-6otrFtcY,20240113,3,0.26833631484794274,"disrupted, killed, seized"
ubG660g_-6k,20240110,2,0.13783597518952445,"displaced, planned"
yRsTAfLJDmU,20231101,0,0.0,
aaK8rKP9_zQ,20240518,1,0.11507479861910241,built
tdRLi1b8xLc,20231227,1,0.0784313725490196,held
QSkmMuDOlvE,20231012,2,0.3139717425431711,"caught, killed"
AF0ShxWuFBs,20240701,3,0.24793388429752067,"arrested, used, reduced"
BoxuWaPWe6E,20231016,6,0.42704626334519574,"shut, reached, displaced, distributed, told, reported"
1tKi9nkGj8A,20231016,1,0.09551098376313276,pointed
wyQRMO7GVjY,20240729,4,0.1896633475580844,"founded, involved, hackled, asked"
SLnQgWAVORk,20240422,5,0.29411764705882354,"shot, developed, shot, abandoned, reported"
5KDRAswRj1I,20231229,2,0.4357298474945534,"repeated, wounded"
lr1ZPInPg3k,20231113,2,0.16299918500407498,"set, used"
7NAIzzHUpKk,20231201,10,0.46641791044776115,"negotiated, released, attacked, released, involved, told, postponed, released, released, captured"
5BXTWqKzzJY,20240621,1,0.08880994671403197,founded
wXRVYx-wvXE,20240128,1,0.14144271570014144,taken
bQRn4O8Oriw,20240522,9,0.6944444444444444,"shot, shot, hit, called, killed, imposed, followed, sanctioned, imposed"
sCkDCL4BeMI,20231212,7,0.22158911047799934,"attacked, seen, walked, seen, scrapped, closed, displaced"
yg1e9TLUrBo,20231025,2,0.1004016064257028,"learned, pulled"
r0osIaF7OK0,20240816,4,0.2039775624681285,"hit, killed, caught, involved"
CUey-z976MM,20231207,7,0.5838198498748958,"seen, born, exchanged, made, set, killed, wounded"
m0HPMTX9-F8,20240112,1,0.11454753722794961,presented
iqsm22xbq5Q,20231020,1,0.09652509652509653,described
BhHPVW0ljVI,20240131,4,0.2785515320334262,"called, framed, condemned, occupied"
C7cVUnr0Hs4,20231110,0,0.0,
EbUO7jvJlzA,20231102,12,0.3325020781379884,"published, damaged, trained, destroyed, taken, allowed, killed, limited, evacuated, evacuated, taken, worried"
0hKLeO3XnaQ,20231119,2,0.2808988764044944,"evacuated, hit"
zg_9QIwaQys,20231221,2,0.17050298380221654,"delayed, agreed"
Tv0YpPKabHM,20240405,1,0.1366120218579235,killed
lncnrMoHxRg,20240806,1,0.07861635220125787,kidnapped
c1UcuvZUhfU,20240612,4,0.2373887240356083,"planned, requested, reaffirmed, committed"
thHtXPt635w,20231205,8,0.33798056611744826,"sold, sent, sent, highlighted, highlighted, included, asked, sent"
0Fv1ho5QQVo,20240717,6,0.6362672322375398,"killed, struck, assassinated, shot, used, eliminated"
wo7klBV4CO8,20240505,3,0.1892744479495268,"echoed, negotiated, injured"
w-woVqnaTi4,20231126,4,0.4250797024442083,"handed, sentenced, accused, heightened"
fWVomYSMulA,20231205,2,0.09514747859181732,"estimated, proven"
HZl4Hs5Inzs,20231208,5,1.1441647597254003,"insided, attacked, murdered, murdered, killed"
BW9-Ri_XDlE,20240414,4,0.15527950310559005,"improved, delivered, heard, saved"
wDW1eaD5ZNg,20231202,0,0.0,
JdEWf-ToY-U,20231124,7,0.2008032128514056,"held, released, released, freed, released, expected, proven"
nfAa7aH6tWc,20240507,3,0.16583747927031509,"understood, done, reported"
ewHbGEFZvYw,20240507,1,0.054884742041712405,displaced
gZnUEta1jgU,20240414,15,0.34498620055197793,"fired, intercepted, heard, told, launched, intercepted, given, determined, broken, said, launched, fired, crossed, launched, attacked"
W3LdgWcqRYQ,20240415,5,0.1798561151079137,"attacked, eroded, put, shut, struck"
vRJz28p1G2s,20240827,4,0.4282655246252677,"found, held, killed, recovered"
dKAwxCUjB2E,20240731,20,0.3275466754012447,"stalled, considered, seen, shot, seen, killed, founded, arrested, exiled, seen, killed, shocked, shocked, assassinated, killed, hit, used, expected, confirmed, killed"
RQlb9xapHRE,20240625,2,0.1386001386001386,"limited, cancelled"
z-9x4UkzGrg,20240530,0,0.0,
PsK1_bGIBTs,20231015,2,0.19212295869356388,"mutilated, pushed"
jdK4JwE5v28,20231102,6,0.22246941045606228,"evacuated, destroyed, taken, allowed, killed, killed"
8a8-3Je3J7w,20240520,3,0.2843601895734597,"committed, announced, issued"
_bI_JDv1W5A,20240409,1,0.0546448087431694,brought
nxLsbaczRh8,20240516,2,0.11799410029498525,"destroyed, put"
,,9,0.2867155144950621,"sent, taken, taken, quoted, backed, faced, issued, made, withheld"
I1BU6Ato41Q,20240220,3,0.33707865168539325,"annexed, brought, asked"
k_LeWdP6gEc,20240525,12,0.26749888542131073,"sent, taken, taken, quoted, backed, faced, defied, made, announced, condemned, meant, meant"
NctJ0atYSwg,20240719,1,0.1148105625717566,built
T4LGcewprks,20240827,7,1.0510510510510511,"freed, described, rescued, found, found, killed, met"
-jmhSzlzga8,20240713,8,0.7525870178739417,"prepared, done, affected, expected, announced, expected, announced, announced"
850a4O0xOOw,20240424,3,0.37267080745341613,"eliminated, reported, called"
GBIaaI1YZPI,20231206,10,0.5257623554153523,"told, held, defined, maintained, quoted, involved, rephrased, ravaged, killed, butchered"
ir_Xp7ykVd0,20240805,2,0.21953896816684962,"prepared, launched"
a-WsHmFUv4I,20231208,5,0.30284675953967294,"filmed, displaced, declared, promised, hit"
PWhHz7ArSUY,20240617,12,0.6169665809768637,"diagnosed, bombed, denied, meant, denied, damaged, made, met, announced, announced, demarcated, reported"
0F9Vp2wZeiE,20231107,3,0.2958579881656805,"caught, shown, delivered"
IkXPAXeIQGw,20240114,7,0.6869479882237487,"killed, killed, killed, forced, struck, injured, waged"
gSd6YAV7XzE,20240411,1,0.08143322475570033,designed
M5MRJWATAJ0,20240120,2,0.2098635886673662,"damaged, damaged"
Mm2YrtX4vc0,20240420,10,0.33222591362126247,"seen, killed, called, broken, crossed, broken, carried, shot, intercepted, asked"
CSWiKMIF53g,20240813,4,0.24110910186859552,"killed, told, killed, humilated"
VRglv5jy4xA,20240120,7,0.5617977528089888,"killed, announced, targeted, killed, killed, hit, taken"
7GR4essgFtE,20240121,2,0.12507817385866166,"injured, intercepted"
6GH8ae9THYs,20240522,2,0.24937655860349126,"expected, done"
Olg8RKH6Ako,20231022,1,0.08756567425569177,focused
XLURQKTkrp4,20240831,2,0.3194888178913738,"reported, limited"
tkbbLX767nw,20240619,1,0.12224938875305623,evacuated
T1JUGqHv88g,20231028,6,0.22091310751104565,"put, strengthened, seen, shouted, shouted, murdered"
9RatMqYFJaY,20240229,2,0.21482277121374865,"granted, criticized"
eIuFFYhIB5Q,20240527,7,0.3239241092086997,"suspended, politicized, killed, taken, made, outraged, killed"
l_6kQuNWJNA,20240104,5,0.16960651289009498,"killed, taken, assassinated, considered, called"
CiX2AAFnIZ4,20240801,15,0.4789272030651341,"heard, seen, involved, killed, established, accused, killed, infiltrated, humiliated, caught, softened, described, gone, killed, embarrassed"
1mH8D3Tq6tI,20240108,0,0.0,
oYLuyMdaVu8,20231208,4,0.19851116625310172,"displaced, closed, wounded, devastated"
PWilxLvWoJs,20240821,1,0.06377551020408163,build
ESXej2HlKF4,20240520,6,0.192492781520693,"tried, known, driven, appointed, made, made"
tzwu4uvAXV0,20240820,2,0.32,"offered, reiterated"
NVdy-fBcGyU,20240809,12,0.5633802816901409,"released, issued, released, released, done, abandoned, taken, killed, destroyed, done, killed, killed"
kyR3oR--fRs,20240810,11,0.7372654155495978,"taken, rushed, destroyed, displaced, destroyed, destroyed, destroyed, deprived, forced, displaced, given"
VmOSS9TzEKE,20240620,1,0.10224948875255625,killed
CN7N-TMAolo,20240616,4,0.6106870229007634,"broken, killed, killed, killed"
2FR7nCCHGno,20231122,25,0.34125034125034126,"released, affected, arrested, published, taken, United, agreed, guided, dispersed, held, held, held, backed, United, divided, seemed, discussed, retracted, diverted, raised, agreed, accepted, kidnapped, taken, consulted"
BYotE1y0zJM,20240608,18,0.7168458781362007,"announced, rescued, supported, held, held, held, taken, killed, rescued, killed, injured, taken, brought, kept, killed, rescued, rescued, held"
bO9Qmvuh2Tg,20231012,15,0.4574565416285453,"hit, halted, destroyed, killed, affected, prevented, foreseen, prevented, shown, killed, forced, killed, crushed, treated, killed"
68jBd1sxeKg,20240812,1,0.11376564277588168,killed
9apcmWZOGFc,20231014,2,0.09233610341643582,"asked, given"
gWOsbRHGlcU,20240109,6,0.46801872074883,"killed, killed, killed, killed, killed, killed"
iOY1uZAntpE,20240110,2,0.14738393515106854,"involved, killed"
_DapixwTvfM,20240508,5,0.2901915264074289,"intended, told, displaced, displaced, ordered"
L6HGrJTzJW0,20240717,6,0.44609665427509293,"used, killed, overwhelmed, told, told, committed"
cJts0id4Yio,20231019,5,0.30864197530864196,"taken, killed, killed, declared, devastated"
Yyw6zcKBrdc,20240326,7,0.31919744642042863,"adopted, surprised, surprised, tabled, vetoed, tabled, held"
MveGs0c0I10,20240529,3,0.11971268954509177,"worried, conferred, told"
H6CEKVSjg7o,20240112,70,0.34305317324185247,"invoked, adopted, set, butchered, executed, tortured, provided, burned, acknowledged, requested, denied, destroyed, struck, killed, concealed, made, described, forwarded, expected, refused, instituted, received, received, assuaged, understood, violated, established, made, addressed, prepared, prepared, made, mentioned, harmed, bombed, exploded, given, engaged, attacked, stolen, coordinated, taken, damaged, withdrawn, appointed, addressed, granted, ordered, said, observed, held, recognized, disputed, copied, included, granted, identified, requested, established, made, refused, granted, indicated, indicated, granted, submitted, adopted, established, founded, placed"
ktjxPKVcTsA,20231018,2,0.45977011494252873,"based, caused"
eAsW3sJO_Ho,20240414,8,0.3740065451145395,"fired, intercepted, heard, intercepted, injured, involved, struck, intended"
QoRa4xRxC1U,20231016,3,0.14563106796116504,"seen, based, abducted"
sEUBYsE7KsI,20240320,6,0.4467609828741623,"ordered, involved, employed, ordered, involved, released"
g0jlm806woI,20240511,4,0.5025125628140703,"told, given, asked, displaced"
EFz95B2WF14,20231027,5,0.18705574261129815,"shattered, warned, fired, aimed, killed"
_WL4e7S_MHI,20240404,6,1.1009174311926606,"made, killed, killed, taken, targeted, killed"
zSffJTiTAak,20240406,12,0.4952538175815105,"carried, carried, fired, fired, tried, dismissed, reprimanded, done, used, changed, reduced, taken"
QDeqW7hT1WM,20231017,1,0.1287001287001287,led
5498Z9gcrjc,20240323,3,0.4784688995215311,"devastated, told, appalled"
wOsA80Z4Ag0,20240212,14,1.0534236267870578,"taken, freed, killed, named, released, rescued, taken, carried, located, done, needed, carried, displaced, done"
U5CUcKFBNUc,20231114,10,0.4770992366412214,"crowded, removed, released, shown, supposed, intercepted, scripted, dumped, absolved, released"
d81WUbKPuU8,20231226,1,0.10193679918450561,killed
rfu2WOsZ5o4,20231114,2,0.12610340479192939,"devastated, atted"
snoy6iVME2Y,20231011,8,0.24752475247524752,"killed, caught, fired, taken, given, given, tasked, crossed"
yvw1-YXj_wA,20231027,2,0.2257336343115124,"seen, killed"
0KcJ3oxHaxo,20240703,2,0.23557126030624262,"followed, told"
yMvJDORndQA,20240728,5,0.2829654782116582,"killed, laid, killed, injured, misfired"
VaBhAqHQi-U,20240728,7,0.7675438596491228,"killed, named, killed, Heard, conducted, launched, paid"
KZWNrqj_aUQ,20240605,10,0.38714672861014326,"stolen, supposed, declared, reclassified, issued, presented, rejected, presented, presented, discussed"
p31MkKh3_Mg,20240828,9,0.9090909090909091,"killed, designed, killed, held, found, abducted, taken, killed, freed"
adFozd_251w,20240117,2,0.19342359767891684,"worried, taken"
uk9ubM0csuM,20231017,2,0.3048780487804878,"killed, taken"
BjeCJwBciQ4,20240505,1,0.17064846416382254,motivated
zFkRzjL5yys,20240405,1,0.06811989100817438,welcomed
ykfy40QF-IA,20240506,9,0.5628517823639775,"told, dropped, expanded, carried, echoed, targeted, targeted, killed, removed"
iWGuTjIHbpg,20231223,2,0.2068252326783868,"killed, killed"
JyhiIMn-Hk0,20240903,22,0.5789473684210527,"recovered, kidnapped, killed, joined, killed, killed, used, reported, asked, asked, asked, called, called, arrested, arrested, burned, killed, held, incriminated, rearmed, asked, frustrated"
wLJLLKMdxnQ,20240407,4,0.29895366218236175,"constructed, reached, evicted, agreed"
cX6WYo70i28,20240507,3,0.15657620041753653,"targeted, told, sabotaged"
y194ZODAZc0,20240413,10,0.43308791684712,"launched, confirmed, issued, launched, crossed, put, given, involved, called, hid"
VY4O4AET2Ls,20240831,3,0.3058103975535168,"shot, armed, targeted"
QwCl_ZdWwWc,20240421,3,0.3409090909090909,"killed, met, known"
x9HDECy_IWs,20240607,9,1.5332197614991483,"targeted, scattered, killed, hid, used, condemned, killed, killed, condemned"
H3Ghh3eP9ZQ,20240214,7,1.0294117647058822,"captured, taken, elected, arrested, released, called, called"
7FYyFDWv5ms,20240721,2,0.21645021645021645,"wounded, intercepted"
Q3Iin7myj5Q,20240518,13,0.9232954545454546,"seen, found, killed, taken, murdered, transferred, completed, recovered, presumed, identified, taken, needed, involved"
ukuny2Ay67g,20231201,8,0.3432003432003432,"displaced, caught, set, reported, killed, displaced, hit, achieved"
EMfPBXnWLhU,20231031,14,0.37735849056603776,"freed, laid, believed, rescued, killed, taken, rescued, involved, laid, killed, rescued, killed, martyred, killed"
3QDcB8GLmBQ,20231016,3,0.28708133971291866,"taken, obtained, killed"
Tyc-GHS_Eqo,20240409,5,0.4340277777777778,"displaced, launched, submitted, displaced, killed"
eTv6M599Dg0,20231027,0,0.0,
M4sTJS3EHD8,20240511,3,0.21613832853025938,"cleared, found, buried"
JWZ4Y_DdsK4,20240219,0,0.0,
TCSK5YHETtg,20240408,3,0.1664816870144284,"pulled, occupied, fired"
LJeJNU-oDIo,20240515,3,0.26785714285714285,"killed, declared, asked"
mjmeJMCKpQg,20231019,4,0.2066115702479339,"cut, displaced, piled, targeted"
CT7U_yKsmH8,20240225,1,0.16260162601626016,rejected
sBpEB0skFIw,20240226,1,0.05941770647653001,ordered
7r1pISRLPXc,20231218,8,0.43103448275862066,"killed, killed, promoted, killed, released, taken, held, caught"
nrLRCWPLJ_w,20231202,12,0.49403046521202143,"killed, asked, told, held, released, released, released, asked, killed, received, destroyed, killed"
7yZLam_CFAc,20231127,7,0.45781556572923476,"held, designated, killed, released, released, released, released"
VzjCJ1Xmi5s,20240713,10,0.5211047420531527,"killed, displaced, meant, hit, killed, repeated, killed, carried, killed, killed"
_Lrg-KB08cU,20240423,2,0.17123287671232876,"taken, distracted"
l7ctYdNSBu0,20240329,1,0.10810810810810811,hit
,,2,0.2828854314002829,"rewarded, killed"
Zczwmx0JONA,20240415,8,0.21923814743765419,"killed, directed, designed, done, shown, displaced, shown, neglected"
Feeqsq8E3OE,20231210,3,0.4,"forced, displaced, displaced"
02UMlRn7Rsg,20231230,8,0.5115089514066496,"bombed, flattened, displaced, displaced, destroyed, displaced, displaced, set"
qVvPx4CEWNQ,20240401,11,0.4204892966360856,"killed, carried, found, ended, accused, wiped, killed, identified, rendered, released, proven"
PzNGmYirftU,20231227,2,0.14154281670205238,"killed, displaced"
8sCiKqZzZdw,20240105,5,0.4363001745200698,"assassinated, arrested, hidden, damaged, killed"
GCth901nvCc,20240515,3,0.15806111696522657,"signed, cut, sent"
Ob29-6FP1LM,20231121,10,0.2443195699975568,"told, killed, released, rescued, kidnapped, told, founded, displaced, displaced, learned"
tRw5nzED8Vc,20240825,8,0.41601664066562666,"directed, evacuated, scheduled, taken, developed, instituted, developed, used"
DKDBA7k8pIE,20231119,4,0.4700352526439483,"reached, evacuated, evacuated, granted"
LQBDmU88yhk,20231224,6,0.5882352941176471,"killed, killed, retrieved, killed, left, killed"
LTs0TD86XZY,20240304,0,0.0,
r3DVBUEeNHI,20240213,3,0.16393442622950818,"shattered, wounded, killed"
ZpUdpIVQUes,20240411,3,0.423728813559322,"targeted, killed, hammered"
pHzWANTg5Do,20231103,10,0.4480286738351254,"damaged, killed, killed, cut, bombed, thought, returned, separated, killed, killed"
mkZQLqyctbE,20240131,3,0.3708281829419036,"disguised, closed, killed"
C1YxYTzxNaM,20231017,8,0.904977375565611,"killed, said, displaced, killed, taken, struck, struck, struck"
vUW-bjI_fYE,20231102,6,0.4511278195488722,"opened, destroyed, taken, allowed, killed, shot"
v5nJUm_S2XE,20231108,0,0.0,
PqR1IFz5da8,20231020,4,0.1567398119122257,"killed, described, impacted, hit"
2UsWYOySpaE,20231203,9,0.5392450569203115,"designated, targeted, dashed, martyred, displaced, asked, asked, moved, shared"
DqjYVpFDT7A,20231130,23,0.8388037928519329,"extended, killed, extended, submitted, killed, killed, released, received, beamed, supposed, released, held, released, arrested, expected, arrested, arrested, arrested, released, accused, extended, negotiated, killed"
5XBKuPfL38U,20231020,6,0.9230769230769231,"named, released, abducted, taken, released, released"
80x3D2cyMkM,20240220,7,0.4478566858605247,"vetoed, left, left, patched, traumatized, killed, forced"
nq_qFO-laps,20231203,3,0.2626970227670753,"designated, martyred, displaced"
TWe4WD7gRmg,20240101,0,0.0,
Kw3kJexNRos,20240825,7,0.35052578868302453,"launched, completed, attributed, changed, restricted, lifted, lifted"
2L5baeKhENc,20240320,7,0.9549795361527967,"suspended, allowed, commissioned, made, involved, commissioned, revealed"
p9RQUDqsMN8,20231023,2,0.8097165991902834,"killed, killed"
XSu9tUFY9ug,20240411,3,0.3826530612244898,"destroyed, surrounded, killed"
upFEpXLRaSY,20240803,7,0.5542359461599367,"buried, assassinated, eliminated, killed, assassinated, killed, carried"
PG5vWrMHrRc,20240403,1,0.10515247108307045,called
o7HRmNkuaI4,20231018,2,0.14265335235378032,"done, defeated"
lpClW9FQ9uY,20240125,3,0.29069767441860467,"ordered, killed, killed"
QGFQjevHvC8,20240212,3,0.6741573033707865,"impeded, elected, murdered"
Cu5AvAvE8dA,20240902,8,0.63441712926249,"killed, recovered, targeted, transported, extinguished, killed, seen, prevented"
,,5,0.14363688595231255,"born, kidnapped, raped, asked, reported"
XbdJHMjdV4Q,20231121,7,0.39436619718309857,"killed, built, designed, built, told, beheaded, presented"
CqSC6JnaNhU,20240202,2,0.22346368715083798,"killed, struck"
sRCqSM0ZpUg,20231207,7,0.3526448362720403,"told, promised, divided, classified, forced, killed, forced"
locxUq3-x2M,20240213,16,0.9586578789694428,"rescued, kidnapped, flown, rescued, saved, killed, designated, taken, released, taken, held, released, released, died, died, sced"
5KS_pq4oJck,20240215,1,0.09900990099009901,killed
sdO-kRVF-dQ,20240507,5,0.5252100840336135,"met, displaced, dropped, closed, closed"
ZxGvUolnjXs,20240814,10,0.48285852245292127,"held, arrested, beaten, turned, strapped, done, held, appointed, released, shocked"
HeuTMhYHFxA,20240720,7,1.3513513513513513,"killed, told, informed, fired, approved, killed, injured"
LP9WHVfho9U,20231015,6,0.23023791250959325,"asked, penetrated, killed, ordered, carried, carried"
a65xh3gPLg8,20240131,2,0.24330900243309003,"released, abandoned"
_mwyv8krjMM,20240422,16,1.078894133513149,"killed, kidnapped, entrusted, made, stationed, worried, undertaken, found, found, raided, exhumed, discovered, killed, injured, aimed, carried"
VQokZPdMp58,20231211,4,0.38204393505253104,"displaced, released, used, killed"
ZGhRoMhsPfU,20240608,10,0.8613264427217916,"freed, taken, extracted, reunited, rescued, rescued, expected, killed, ordered, killed"
lBk-ZPUzZl0,20231103,11,0.5004549590536852,"damaged, killed, killed, struck, struck, killed, shot, killed, set, cancelled, delivered"
NYBO4GEcpY0,20240123,5,0.2997601918465228,"killed, killed, fired, taken, described"
RkphW70WucI,20240617,12,0.6342494714587738,"killed, spotted, killed, killed, coordinated, made, met, welcomed, welcomed, told, conditioned, closed"
6XfAbXE-nFA,20240527,0,0.0,
lNpe1MvCJl4,20240325,2,0.3053435114503817,"established, held"
jNsv89je2JM,20240901,8,0.7540056550424128,"kidnapped, seized, killed, murdered, found, executed, found, murdered"
e6MS8EaJDxM,20231017,4,0.16522098306484925,"adopted, called, shared, abducted"
SvVHDhNDalY,20240211,1,0.09775171065493646,formed
C1LODQglFEQ,20240128,0,0.0,
VXmKyFXSS4s,20240723,6,0.43478260869565216,"supposed, strained, put, used, killed, targeted"
CKY0yf31QlM,20240219,2,0.16260162601626016,"blocked, closed"
c-YtlSWKQJc,20240318,4,0.4314994606256742,"killed, asked, raided, dropped"
Bxm9eB43iVc,20240212,15,0.6861848124428179,"rescued, kidnapped, flown, rescued, saved, killed, designated, ordered, freed, released, torn, displaced, told, involved, felt"
WWf_FqsjuA0,20231023,5,0.3861003861003861,"dragged, butchered, supposed, supposed, used"
bNRMb1tpq_8,20240622,2,0.22988505747126436,"targeted, provided"
80SFN3DZ2Kw,20240822,7,0.579950289975145,"kidnapped, abandoned, deadlocked, brought, involved, opposed, arrested"
,,0,0.0,
DEoIZ6uDhrQ,20240901,6,0.967741935483871,"announced, kidnapped, killed, recovered, killed, supposed"
JbpenBgUILE,20240623,14,1.0510510510510511,"tied, injured, shot, told, transferred, killed, hit, wiped, reduced, targeted, destroyed, transferred, released, injured"
hLRR5D0WvYQ,20240416,5,0.22563176895306858,"tightened, set, crossed, established, overshadowed"
uVPwFm-rK_U,20240417,7,0.30081650193382037,"shot, destroyed, trained, served, seen, seen, done"
n5TujA-LViY,20240525,1,0.13089005235602094,impacted
rjeqtF6s3cI,20231022,7,0.4286589099816289,"killed, struck, killed, shot, bolstered, put, struck"
NTOnawy4FNE,20240526,2,0.4484304932735426,"issued, ordered"
aqHVk3EMpXU,20231112,7,0.9900990099009901,"agreed, proposed, rejected, agreed, invited, considered, received"
BshOoXXUgDs,20231103,3,0.33519553072625696,"carried, looked, expelled"
Ew7YhPYTKW4,20231020,24,0.24643187185542664,"cancelled, called, taken, kidnapped, called, destroyed, released, released, taken, killed, bombed, supposed, forced, downed, downed, taken, pulled, planned, abducted, taken, taken, fired, canceled, called"
dgTDZEsiy3M,20240719,13,0.12590799031476999,"requested, made, adopted, occupied, established, carried, established, applied, established, demolished, deprived, brought, found"
YFRNQ1tFPfc,20240126,11,0.19727403156384504,"addressed, adopted, represented, committed, killed, reported, destroyed, told, killed, closed, made"
GzeK0HziiZw,20240517,44,0.49449314452685994,"rejected, placed, given, fired, caused, identified, fired, identified, abducted, blown, taken, confirmed, kidnapped, confirmed, killed, killed, Unleashed, provided, opened, assigned, adopted, prepared, released, engaged, leveled, held, closed, shut, disrupted, provided, achieved, detailed, appointed, shut, reviewed, detailed, transferred, extended, established, harmed, harmed, harmed, killed, described"
0Pl2HpuR81E,20240118,15,0.2640845070422535,"shattered, burned, born, kidnapped, burned, taken, handled, stopped, launched, presented, derailed, brought, heard, identified, brought"
3Ak8sDGZv9o,20240724,14,0.3023105160872382,"freed, reunited, taken, killed, wounded, wounded, killed, established, accused, leveled, killed, applied, supported, relieved"
sz0O7_Ex2Po,20240516,69,0.4847548124209639,"celebrated, triggered, entrusted, made, directed, raised, killed, confirmed, crammed, bombed, made, instructed, reduced, described, ordered, described, issued, displaced, forced, forced, described, motivated, forced, killed, described, killed, injured, exposed, forced, forced, reduced, decapitated, discovered, identified, discovered, killed, drawn, forced, spoken, realized, presented, triggered, closed, prevented, made, ordered, compelled, subjected, ordered, killed, found, relieved, rewarded, honored, presented, rewarded, brought, prosecuted, foreseen, killed, destroyed, killed, used, adopted, intended, brought, wielded, respected, amended"
l6UlYAfkQlU,20231103,24,0.1761080129145876,"killed, killed, destroyed, killed, focused, cut, killed, taken, killed, hit, killed, damaged, closed, displaced, supported, injured, taken, impacted, brought, adopted, accounted, killed, indicated, approved"
Pf7epFRpcUg,20231024,0,0.0,
Pf7epFRpcUg,20231024,0,0.0,
AlzmA9PSWpk,20240425,19,0.11735639283508338,"implemented, brought, completed, considered, stipulated, stated, recognized, exposed, sent, forfeited, sent, implemented, met, established, recognized, established, based, deterred, marked"
_DQtpglNubE,20231222,7,0.13247539742619227,"adopted, adopted, adopted, submitted, achieved, stated, adopted"
Dx1nkJpyRs0,20231221,22,0.15400770038501924,"killed, made, displaced, damaged, damaged, suspended, received, forced, made, rescinded, rescinded, killed, destroyed, renewed, met, spared, ignored, needed, taken, sent, mured, repeated"
CILMjZdqMrY,20231020,37,0.25819958129797627,"asked, replaced, put, adopted, killed, proposed, found, kidnapped, voted, displaced, said, killed, killed, let, said, struck, proven, injured, hit, killed, injured, struck, mentioned, killed, destroyed, taken, settled, opened, killed, written, attacked, cut, forced, adopted, hit, lost, exceeded"
2_GcBAql0Lk,20240220,31,0.21078398041748828,"afforded, ignored, shared, held, destroyed, Unleashed, adopted, submitted, urged, presented, circulated, killed, described, driven, stalled, voted, brought, killed, saved, agreed, demanded, taken, taken, located, found, proven, downed, displaced, killed, said, supported"
yveXJyV6s30,20240322,27,0.25570603276825454,"written, displaced, wiped, come, put, engaged, focused, vested, adopted, pinned, destroyed, killed, put, conducted, killed, maimed, rejected, informed, respected, reported, adopted, portrayed, established, toppled, executed, carried, carried"
24l_ez-mEJI,20240420,48,0.18096135721017906,"recognized, underpinned, spent, deployed, crafted, reinforced, invaded, pleased, riged, known, tortured, occupied, ordered, attempted, said, obstructed, told, seized, made, kidnapped, recognized, called, handcuffed, asked, narrowed, provided, deemed, killed, murdered, subjected, massacred, offset, burned, murdered, killed, killed, forced, displaced, cut, caught, postponed, postponed, requested, postponed, postponed, postponed, requested, requested"
1TDvt7cOilk,20231104,1,0.041718815185648725,delayed
HQOPt5Z9MLg,20240126,2,0.10162601626016261,"pleased, voted"
o0T-ZwstVbI,20231113,0,0.0,
KfCdSTfZ52Q,20240831,0,0.0,
O-WRsAahY24,20231117,28,0.7040482775961779,"destroyed, canceled, intended, promised, caused, taken, ordered, struck, evacuated, updated, followed, asked, held, found, known, kidnapped, released, killed, found, brought, taken, discovered, captured, released, laid, captured, killed, raised"
vr83ODWJa8M,20240118,7,0.776914539400666,"announced, seized, broken, shocked, filled, displaced, covered"
dupqb6Jz0-A,20231113,10,0.4098360655737705,"targeted, killed, rejected, displaced, imprisoned, curtailed, spread, arrested, attacked, mentioned"
uMpkqPjO8_U,20240805,3,0.2938295788442703,"entangled, imposed, attacked"
yHZLRHqlHqg,20240807,1,0.17123287671232876,killed
fjGmthl9jcA,20231128,11,0.4095309009679821,"transferred, released, released, left, told, involved, involved, recognized, given, taken, seen"
6PIlRdmGHwE,20240229,5,0.8445945945945946,"killed, rushed, described, released, killed"
gpotCgz69ZM,20240210,7,0.46760187040748163,"killed, moved, given, told, moved, wiped, decimated"
eDe_aCgXkdg,20231207,20,0.8274720728175424,"murdered, raped, burned, committed, caught, collected, raped, planned, brought, shocked, cut, Meant, done, meant, committed, killed, burnt, allowed, said, committed"
zLmreKz-KvU,20240815,4,0.3215434083601286,"breastfed, killed, issued, presented"
nfq8eALmnvo,20240304,1,0.11185682326621924,held
Ttr1eDj8Jng,20240129,0,0.0,
RgdFOIiRpr0,20240119,2,0.28530670470756064,"destroyed, repeated"
wMZaObPq9Wo,20240211,0,0.0,
lPVqomC80VA,20240725,3,0.07073803348266919,"met, inclined, called"
B9ClG6Mo2Cs,20231012,8,0.34379028792436617,"taken, dealt, presented, killed, presented, missed, prepared, prepared"
V3DsKWBP1l8,20240904,1,0.13793103448275862,asked
pOLcUkTwIfU,20240430,3,0.12028869286287089,"achieved, displaced, increased"
gDqH0Cd6Mlo,20240401,1,0.0846740050804403,characterized
DydkqzJDy3Q,20240121,2,0.3448275862068966,"killed, wounded"
-e8fkwng56M,20231221,4,0.258732212160414,"damaged, killed, released, sent"
r8JaTJF0pLM,20231103,6,0.17341040462427745,"hit, used, killed, killed, conducted, stuck"
hNw_co97tEE,20231030,11,0.858034321372855,"taken, freed, received, released, released, released, provided, debriefed, released, done, held"
B2zcfvETBIw,20240624,3,0.42674253200568996,"prepared, stalled, displaced"
R4WUtac5NTs,20231231,2,0.23255813953488372,"reduced, reduced"
rIeGLAoiOSw,20231014,10,0.31605562579013907,"cut, killed, announced, abducted, displaced, prepared, taken, met, kidnapped, told"
GK_X1kjAuDM,20240902,0,0.0,
8av4nTx27o0,20240505,0,0.0,
SFnEyHuq2_Q,20240624,2,0.09057971014492754,"taken, brought"
Y9IRBU44UOo,20240604,3,0.5217391304347827,"declared, set, suggested"
iqYrBfL8EVc,20231102,6,0.40595399188092013,"dubbed, killed, killed, given, targeted, targeted"
3gOewqYeXK0,20240513,8,0.3234937323089365,"forced, sent, reported, told, left, dedicated, left, pulled"
-i_SaSg-hPg,20240519,3,0.35799522673031026,"targeted, hit, delivered"
IKETzTQimwI,20231025,13,0.28205684530266867,"reversed, done, watched, granted, interviewed, taken, damaged, blocked, conducted, handed, used, repeated, given"
8_RWto93dRU,20240310,3,0.38022813688212925,"given, granted, told"
3-Ztp8GIAQc,20231027,4,0.2304147465437788,"shocked, rejected, quoted, accelerated"
hWf6kD_5ncw,20240711,0,0.0,
67h4MwBRJBE,20231017,12,0.6072874493927125,"signed, violated, honored, respected, started, breached, made, claimed, killed, killed, dropped, dropped"
7vJqNDB_SUs,20240124,5,0.4006410256410256,"arrested, arrested, found, arrested, reported"
WKLyHMQhnm0,20240214,5,0.4646840148698885,"forced, told, suspended, sent, talked"
77xSTrdVD-g,20240123,1,0.130718954248366,killed
qKSWeOgnk3I,20231110,0,0.0,
P0A2sGtC6IM,20240523,0,0.0,
Vio1nmrm6_o,20240328,3,0.17251293847038526,"attacked, meant, stepped"
XucIVKzSzVU,20231020,7,1.078582434514638,"arrested, injured, banned, murdered, set, shocked, attacked"
42lmdVCYudQ,20240827,2,0.22123893805309736,"found, vaccinated"
w0pwkbA0js4,20231228,5,0.3094059405940594,"thrown, conducted, held, fired, deducted"
eh1bKkN7MRg,20240121,12,0.5991013479780329,"killed, taken, released, scared, taken, taken, found, murdered, returned, murdered, killed, closed"
56jNbNk5trA,20231016,5,0.4945598417408506,"broken, shocked, treated, formed, killed"
VoRSrUvMXCU,20231104,0,0.0,
TVrvGM1PonU,20240902,8,0.5594405594405595,"killed, covered, killed, discovered, brought, killed, found, released"
opWTLWT6PxU,20231206,0,0.0,
lAlPEbxlMiM,20231021,1,0.12594458438287154,reopened
ZPafG-0dR-A,20240527,6,0.5504587155963303,"killed, harmed, cut, eliminated, discovered, taken"
mfIJ7UzKFhE,20231024,22,0.5925127928898465,"opened, targeted, destroyed, targeted, killed, killed, hit, killed, killed, known, bombed, bombed, broken, killed, shot, touted, suggested, considered, undermined, elected, held, shaken"
a80LVITBCro,20240724,1,0.08741258741258741,started
4_5RTrAjnIo,20240422,3,0.31645569620253167,"involved, based, put"
W9Bc5i0KotU,20240207,5,0.5875440658049353,"made, received, killed, taken, released"
-51aXUXSWdI,20240330,0,0.0,
6fDq1gWRiZw,20231114,3,0.16997167138810199,"left, crowded, removed"
6zhggptQaMI,20231129,8,0.6389776357827476,"called, told, raped, killed, broken, raped, elected, chained"
YzVdovXXDGY,20231012,4,0.48484848484848486,"killed, carried, killed, killed"
oRTezEvIZsY,20240712,4,0.5108556832694764,"demolished, deemed, relocated, traumatized"
e--DsM1kuEo,20240102,1,0.29239766081871343,evacuated
VqOgj1zrQv0,20240214,2,0.3824091778202677,"created, targeted"
Uy7bmfTJwt8,20240527,9,0.8754863813229572,"fired, reported, damaged, told, allowed, manifested, sent, looted, attacked"
_NUQaSOmXto,20231030,12,1.5037593984962405,"injured, deployed, arrested, injured, suppressed, looted, set, stormed, stormed, suspected, hung, made"
CTVgedXNpPs,20240425,1,0.12180267965895249,called
kVNYRqqV03o,20240808,2,0.2403846153846154,"harmed, assassinated"
RcPUUgdbbSo,20231101,1,0.12150668286755771,cut
SwpcIxw7uqs,20240402,9,0.5027932960893855,"hit, killed, killed, attacked, attacked, decimated, confirmed, halted, killed"
_Oio_f99q6w,20240828,6,0.38095238095238093,"killed, designed, hit, wounded, injured, reached"
Pcsl1TtrrWM,20240309,6,0.2566295979469632,"surprised, completed, targeted, tasked, delivered, allowed"
_Wkb6S1muEQ,20240311,5,0.5274261603375527,"cleared, believed, killed, confirmed, received"
CJg9v4Q6bjs,20231128,1,0.12610340479192939,slammed
aqGojIF6Fxw,20240407,8,0.6711409395973155,"killed, kidnapped, taken, subjected, said, captured, weakened, jeopardized"
9vzk3CXRnM0,20240207,4,0.29563932002956395,"born, grown, created, considered"
x0KNs1mWBfs,20231231,3,0.14506769825918764,"displaced, referred, released"
MOW_1exsHE8,20240111,66,0.33351862145636463,"appointed, appointed, filed, informed, fixed, described, followed, described, killed, killed, wiped, killed, displaced, required, permitted, cut, raised, denied, blocked, described, injured, infiltrated, repeated, reiterated, nurtured, made, made, recorded, filmed, recorded, posted, misunderstood, taken, confirmed, emailed, received, filed, addressed, confirmed, conducted, initiated, emphasized, explained, designed, told, killed, told, ignored, initiated, killed, forced, Justified, separated, damaged, killed, struck, killed, Justified, killed, done, done, addressed, killed, directed, noted, regarded"
SQcWNAW_4as,20240308,3,0.16602102933038185,"loaded, politicized, obstructed"
SkN1JyM9rqI,20240424,5,0.2233139794551139,"arrested, arrested, handed, founded, involved"
vqCcL6kbVho,20240411,0,0.0,
N-9EIcLcuUs,20231108,6,0.20352781546811397,"preceded, made, released, killed, killed, made"
CK-lSnHmmPU,20231224,4,0.8113590263691683,"designated, killed, adopted, taken"
cxFBLPOgGlY,20240727,2,0.3021148036253776,"killed, killed"
IweF_hnd9Ug,20240514,0,0.0,
df7KzjJ0p6M,20240228,15,0.8269018743109152,"told, killed, released, held, taken, suspended, tortured, released, released, treated, involved, abducted, told, involved, involved"
zJwTbwpRdIw,20231027,0,0.0,
uPc7YB1NCA4,20231124,1,0.23923444976076555,evacuated
pfeLzXqL-nI,20240122,14,0.45380875202593196,"involved, arrested, echoed, forced, called, gone, marked, killed, kidnapped, founded, indicted, radicalized, scared, forced"
UiXGPIXVIx0,20240509,7,0.3941441441441441,"killed, directed, set, met, killed, closed, reopened"
m-Ax9P1frUI,20231115,4,0.2157497303128371,"updated, injured, taken, criticized"
Jpeua8qUHmY,20240228,6,0.9463722397476341,"told, killed, released, held, taken, suspended"
hTwdPifv6PA,20231019,8,0.29433406916850624,"gone, kidnapped, taken, taken, pictured, called, divided, involved"
saCFmV-9G84,20240331,4,0.35118525021949076,"taken, confirmed, taken, injured"
zp7yYxdNdb8,20231010,8,0.3755868544600939,"intercepted, hit, hit, told, closed, hit, called, intercepted"
7BtL93pGF14,20240809,0,0.0,
FieRuS0Xf30,20240519,8,0.4171011470281543,"displaced, hijacked, laid, pushed, displaced, left, played, displaced"
tIX2kQhAXJc,20231210,0,0.0,
fd-7mQUz1sI,20240523,7,0.1532399299474606,"contested, indulged, weakened, welcomed, announced, recalled, bloodied"
_EZdQG99de8,20240908,3,0.46367851622874806,"killed, killed, triggered"
tJoIo1BYpZQ,20240212,3,0.14184397163120568,"killed, foreseen, granted"
RKnsc6jIjuc,20240731,9,0.3643724696356275,"assassinated, killed, hit, killed, targeted, killed, prepared, killed, thought"
dCs1Qab7QbM,20240108,4,0.5925925925925926,"killed, killed, killed, killed"
E4Kf5pNc4tU,20240126,6,0.2288329519450801,"rejected, fostered, affected, requested, limited, killed"
LAD9u2fac_o,20231128,8,0.42530568846358324,"freed, released, seized, freed, agreed, extended, terrified, distributed"
uUrBVUq97so,20231124,17,0.288477855082301,"achieved, killed, agreed, shot, interrogated, detained, humiliated, asked, distributed, given, Riven, exacted, taken, released, injured, shot, killed"
2XmNpRYp3L4,20231019,0,0.0,
e7bCfAtg3Yg,20231028,2,0.27816411682892905,"expected, organized"
_GoMAaNrWwc,20240503,2,0.3021148036253776,"confirmed, banned"
mUYaSLCN9D0,20240413,2,0.11043622308117064,"told, dropped"
gGPuZkXZnFY,20240711,5,0.4642525533890436,"told, reported, declared, displaced, displaced"
GnmuE8IQ8Vs,20240305,13,0.9818731117824773,"committed, committed, committed, killed, raped, taken, taken, taken, taken, brought, done, raped, sidelined"
x2RG_r0iS1w,20231027,8,0.7483629560336763,"damaged, allowed, killed, injured, affected, destroyed, killed, killed"
TljXxkdaeOU,20240405,5,0.5159958720330238,"reprimanded, hit, adopted, distributed, described"
C2GHdjWrl_Y,20240829,3,0.20964360587002098,"targeted, killed, accused"
IQU6Vjj1dSQ,20231218,8,0.30663089306247604,"displaced, released, displaced, postponed, tightened, besieged, used, killed"
-8IDfVT1W2s,20231108,4,0.22805017103762829,"killed, killed, injured, bombed"
McUTN6gFEsA,20231029,2,0.11068068622025456,"broken, backed"
DzZc_K8GaUU,20240329,4,0.2909090909090909,"criticized, killed, made, allowed"
z0-6w8aO7w0,20231222,6,0.2640845070422535,"killed, killed, weakened, put, closed, used"
q9aIhniaj2E,20231027,6,0.42523033309709424,"said, passed, drafted, blown, linked, used"
wW7tmQFUP_c,20231115,24,0.6512890094979646,"killed, killed, made, made, forced, killed, killed, killed, killed, killed, killed, killed, killed, killed, hit, impacted, spared, broken, established, allowed, killed, sacrificed, killed, hit"
hyckQ05N2sg,20231222,9,0.27950310559006214,"delayed, adapted, said, proposed, voted, adopted, used, opened, attained"
DgFpFmdh0TI,20231012,13,0.4125674389082831,"forced, released, killed, hit, imposed, killed, asked, raised, reduced, forced, hit, evacuated, turned"
VxgvQqqGzvE,20240319,0,0.0,
zpvf6WSVit8,20231020,3,0.18226002430133656,"given, notified, taken"
y41WmbEQMEk,20240325,7,0.5315110098709187,"divided, vetoed, vetoed, spelled, announced, meant, cancelled"
Wje_w59xB7A,20240322,2,0.16420361247947454,"put, claimed"
hi8Srzt9cQY,20240414,4,0.10035122930255895,"intercepted, convened, led, seen"
OOwIfWVdw-8,20240813,60,0.36489691662105456,"fired, hit, hit, claimed, conducted, killed, declared, damaged, displaced, told, detected, coordinated, left, subjected, given, issued, forced, declared, forced, displaced, detected, killed, displaced, carried, eliminated, made, bombed, violated, compounded, involved, injured, injured, bombed, confirmed, saved, injured, adopted, reported, bombed, displaced, displaced, killed, injured, struck, carried, adopted, killed, born, blown, said, left, exposed, quit, shown, murdered, eliminated, killed, found, undermined, circulated"
DKe0H-WIp_o,20240414,28,0.22520711011019065,"convened, taken, injured, launched, called, needed, put, targeted, disregarded, launched, taken, envisioned, killed, killed, killed, arrested, removed, carried, taken, kept, threatened, intercepted, backed, blocked, killed, targeted, adopted, imposed"
aOlAlYzghi0,20240430,6,0.23781212841854932,"met, said, granted, found, presented, litigated"
BXdUPbWUpy8,20231025,4,0.18596001859600186,"killed, displaced, flattened, destroyed"
kF8Xb2pvSW4,20240712,1,0.04805382027871216,marred
WHUQwZ9Gu0U,20231017,3,0.2540220152413209,"displaced, killed, displaced"
etlvyUTzfZ8,20240522,6,0.36719706242350064,"removed, inspected, crossed, supposed, meant, stopped"
Md8C5AEVIsc,20231113,4,0.36068530207394045,"targeted, killed, rejected, abducted"
7r9eGQtV-e8,20231113,4,0.5376344086021506,"killed, lowered, founded, displaced"
QMEKtJzE8dE,20240430,15,0.3812913065582105,"asked, taken, based, released, arrested, asked, killed, killed, briefed, made, reinstated, suspended, suspended, released, denied"
0LPYT0YEbp0,20240826,0,0.0,
9e7GCgMJexo,20240305,4,0.41623309053069724,"subjected, published, subjected, killed"
rlfv0cA4_80,20240606,5,0.7587253414264037,"killed, killed, brought, taken, announced"
rfKefTV_m-I,20240129,2,0.56657223796034,"emptied, made"
,,7,0.25830258302583026,"designated, pulled, agreed, killed, exposed, exposed, released"
CbRoe8p1xcM,20240326,1,0.09165902841429881,supposed
HOedUk-I1EE,20240805,1,0.043591979075850044,tried
FX4HX6y9VxM,20240112,1,0.16556291390728478,reported
ExHyThep858,20240520,7,0.35228988424760943,"forced, called, arrested, spat, cleared, cleared, occupied"
3OG6vmxAV3U,20240207,3,0.14354066985645933,"presented, delivered, accepted"
k5DckrHCVBg,20240201,3,0.37735849056603776,"named, involved, displaced"
Odk6xu2fy8o,20240206,4,0.1998001998001998,"held, informed, negotiated, discussed"
TtsRCIqyp0A,20240302,3,0.31612223393045313,"killed, fired, trampled"
hUKF6jUpYWk,20240508,5,0.250501002004008,"concerned, made, launched, signed, released"
9TSChIGtuMI,20240321,4,0.1375515818431912,"issued, achieved, based, frozen"
8o4dtHDoKHs,20231018,10,0.3258390355164549,"killed, killed, held, carried, scheduled, planned, delayed, hit, misfired, done"
uNyfVqUM1Rg,20240410,1,0.10224948875255625,killed
xJ1VSooe9HI,20240521,0,0.0,
cGodVKJsxJk,20240107,0,0.0,
m7u7sse9Dqk,20240512,1,0.20366598778004072,told
YfHU4cLz40Y,20240202,3,0.16429353778751368,"killed, killed, hit"
nB-ptn848Yk,20240502,8,0.2882882882882883,"escalated, occupied, arrested, arrested, used, granted, used, disinterested"
0vEl_N37G4c,20240415,7,0.31222123104371097,"shot, measured, killed, publicized, broadcast, intercepted, aimed"
1w0abJa1VsY,20231209,2,0.1774622892635315,"cast, divorced"
2qHNnWQHahQ,20240220,0,0.0,
mcDCRJ7Y1k4,20240817,3,0.18427518427518427,"supposed, discussed, agreed"
WRojKyr_T_A,20240307,4,0.7285974499089253,"damaged, vanished, invaded, killed"
iDuSFY-B8uY,20240607,9,0.21408182683158894,"tabled, endorsed, broken, defeated, allowed, found, delivered, criticized, held"
rkbNCgSpsqw,20240509,15,0.22960355120159193,"kidnapped, assassinated, pushed, kidnapped, taken, put, killed, injured,, targeted, kidnapped, killed, used, used, asked, used"
rkbNCgSpsqw,20240509,15,0.22960355120159193,"kidnapped, assassinated, pushed, kidnapped, taken, put, killed, injured,, targeted, kidnapped, killed, used, used, asked, used"
oFTyQyXQHn8,20240726,3,0.3436426116838488,"released, written, prepared"
253EBLLNIy4,20231022,6,0.4319654427645789,"killed, killed, killed, killed, shot, killed"
bxbki85OoeM,20240622,1,0.09523809523809523,killed
AmhGLFHG1KU,20240619,3,0.17533606078316774,"relocated, recorded, killed"
U8m_GM8wBE4,20240414,13,0.2660663119115841,"informed, used, questioned, killed, shown, prepared, intercepted, rerouted, used, launched, shot, used, developed"
SY-Z9AgvtSc,20240622,2,0.12062726176115801,"held, proven"
0Aocopnm2tw,20240529,7,0.2797761790567546,"welcomed, raised, accused, set, supposed, welcomed, made"
R-M05UcMEAc,20240418,10,0.20092425155716293,"used, crossed, aimed, asked, seen, determined, damaged, denied, shocked, killed"
LjXfbFsBdIg,20231127,23,0.7440957618893562,"celebrated, reunited, allowed, extended, killed, told, found, found, relieved, made, murdered, found, brought, beaten, shattered, released, killed, killed, extended, released, released, released, trained"
Yx1_7CQQJ94,20231018,12,0.4294917680744453,"killed, killed, held, carried, hit, misfired, misfired, talked, viewed, called, reported, killed"
kJEuPrDRKaQ,20231201,9,0.3003003003003003,"killed, inundated, destroyed, forced, forced, overcrowded, agreed, established, convicted"
4zUqBZBVfGs,20231029,3,0.18159806295399517,"knocked, confirmed, followed"
--joSXIsHO8,20231118,1,0.08976660682226212,kept
2JKMfH4ZjIg,20240830,6,0.44943820224719105,"killed, killed, left, targeted, devastated, detected"
QxiOZtN_7Fs,20231116,1,0.09633911368015415,used
Rybzq8Mra0A,20240417,3,0.07394626571358145,"involved, emerged, involved"
pMC2UM1IKH8,20240317,2,0.17006802721088435,"accused, seen"
4osvXVbrcnA,20240801,9,0.2868983104877271,"killed, heard, killed, shot, involved, considered, killed, assassinated, killed"
0hW2vD88KYg,20240223,3,0.48465266558966075,"taken, killed, filled"
eQ2kvnRVFaI,20240806,8,0.33769523005487545,"jailed, locked, elected, killed, killed, born, fed, kidnapped"
AX-i0EGQ5Io,20231013,7,0.13886133703630232,"seen, talked, killed, closed, deployed, embedded, killed"
UF9y2W3snlk,20240126,1,0.10111223458038424,killed
rLmIMmLUGUw,20231102,2,0.2518891687657431,"destroyed, injured"
bvzP3X5O_FI,20231114,1,0.0782472613458529,forced
t48HXAjjDAU,20231229,6,0.44943820224719105,"marted, forced, told, displaced, called, given"
L09aXLiNGZw,20231127,10,0.44923629829290207,"extended, exchanged, freed, seized, lost, agreed, extended, held, interviewed, displaced"
mWaq3k5vElA,20231101,7,0.5227781926811054,"killed, known, given, pointed, plunged, instigated, killed"
jOtXxIjwWsg,20231016,1,0.16583747927031509,killed
ksP1MooptN4,20240228,12,0.4663816556548776,"involved, founded, expelled, founded, renewed, announced, created, created, made, convinced, established, translated"
H1H7H1XaQjo,20231026,3,0.1950585175552666,"taken, committed, committed"
pcOo0eQZ688,20240119,6,0.44411547002220575,"financed, approved, created, created, seen, designated"
ZhDxmseA_aw,20240724,1,0.07710100231303006,done
WLHj-pj6d78,20240124,6,0.29791459781529295,"killed, killed, mined, locked, believed, put"
G6f5M2S_KqM,20240217,0,0.0,
iPKraBTGv_M,20231017,1,0.050787201625190445,headed
7Sl8SCRtFkA,20240730,3,0.16703786191536749,"put, set, targeted"
ftrhg8Ce47U,20231010,1,0.06222775357809583,seen
EPaRcJN4vD4,20240128,0,0.0,
GNTDEzKGnSE,20231011,8,0.44817927170868344,"used, affected, killed, killed, stopped, killed, ripped, killed"
q1twZhEVO94,20231117,9,0.7679180887372014,"left, told, killed, injured, injured, displaced, killed, left, wiped"
IlWkHH4OU4g,20240725,5,0.3215434083601286,"killed, released, recorded, said, killed"
wCzuX3FArBg,20240609,12,0.4887983706720978,"killed, announced, rescued, focused, killed, killed, supposed, supposed, freed, kept, built, relaunched"
0my72F-kxhM,20240115,7,0.3565970453387672,"backed, forced, demolished, destroyed, conducted, put, noted"
o65lbe08Cro,20240204,3,0.22189349112426035,"killed, affected, based"
dZzGaXk1q10,20231013,6,0.23971234518577705,"focused, butchered, allowed, vetted, mobilized, deployed"
4iq4rEQnbCg,20240119,0,0.0,
2fUnMsxVGKo,20240521,5,0.5694760820045558,"set, left, displaced, pushed, injured"
yDE6bC1ar-s,20231017,3,0.1015572105619499,"murdered, supposed, taken"
eXEzHeMEEHs,20231012,5,0.13245033112582782,"made, supposed, interviewed, sent, affected"
08E_vlkurpk,20240303,1,0.11389521640091116,killed
QV55M4eLLw8,20240127,9,0.424929178470255,"killed, presented, asked, ordered, ordered, issued, run, announced, used"
jGdjbBewypM,20240525,4,0.23054755043227668,"ordered, handed, closed, reported"
rNlOu5cvz-k,20240408,7,0.4221954161640531,"killed, pulled, shown, achieved, destroyed, evicted, agreed"
r-LvZGsJN0c,20240322,0,0.0,
EROljCmzlxk,20231018,6,0.5366726296958855,"killed, filled, transferred, cancelled, meant, cancelled"
oD8GN-Yl8NU,20240301,8,1.1764705882352942,"killed, trampled, released, conducted, shot, hit, unarmed, wounded"
3sgxFOFTKqI,20231111,0,0.0,
AKTT-VoCdlo,20231107,4,0.11148272017837235,"said, released, released, destroyed"
0DlMDEsCVw4,20240406,6,0.32590983161325365,"killed, used, concerned, killed, killed, involved"
3NMoNu90Ljs,20240425,2,0.33222591362126247,"arrested, given"
ZvFoxvFTeW4,20231105,2,0.1371742112482853,"attacked, conducted"
6xrHXJZSFXU,20240722,0,0.0,
5LpqfKWshbk,20231130,27,1.5706806282722512,"released, treated, taken, isolated, given, kept, beaten, kept, allowed, separated, killed, given, asked, told, told, told, captured, handed, given, received, killed, killed, killed, released, arrested, expected, arrested"
CEjmE-2ge8U,20231109,6,0.21994134897360706,"terrified, found, abducted, killed, killed, killed"
dUyi_7Swne8,20240502,3,0.3708281829419036,"closed, closed, sent"
QQSm0-xbp_4,20240621,15,0.432152117545376,"damaged, killed, captured, affiliated, accused, resolved, achieved, killed, fueled, destroyed, killed, hit, annihilated, destroyed, embedded"
WQtNNSWOeB0,20231020,3,0.18214936247723132,"taken, kidnapped, horrified"
8gG4ftCgmwk,20240530,0,0.0,
6na_sXe86Yc,20240114,7,0.7106598984771574,"abducted, released, displaced, forced, returned, achieved, killed"
rty7KeJlw84,20231222,0,0.0,
Ujo40lVL_nw,20231109,6,0.25041736227045075,"discussed, made, released, protected, remoted, called"
KFh0-oCzXXo,20240830,4,0.4689331770222743,"delivered, agreed, eradicated, eradicated"
Sf6xl5HHchw,20231014,6,0.26064291920069504,"designated, focused, affected, killed, engaged, called"
5RVkEF2nxSc,20231119,11,0.5104408352668214,"killed, killed, ordered, evacuated, evacuated, told, posted, said, killed, injured, taken"
wCk3oISrsE0,20240802,12,0.37232392181197643,"assassinated, involved, mentioned, targeted, involved, announced, killed, planted, used, said, said, telegraphed"
fMF3L1fqtcE,20231227,4,0.41623309053069724,"killed, forced, brought, displaced"
cipDYZL9Nbw,20231025,1,0.21929824561403508,killed
293T__NKw_8,20240603,4,0.24140012070006037,"forced, transmitted, supposed, discussed"
3dNk8sQHEfM,20240424,13,0.5671902268760907,"declared, arrested, charged, deprived, beaten, shaken, charged, arrested, tolerated, put, arrested, spent, punished"
Z0OzIfLUTnw,20240606,5,0.23674242424242425,"evacuated, negotiated, conducted, experienced, engaged"
cDJq1g81cIY,20240407,5,0.2556237218813906,"displaced, killed, used, killed, done"
WBNNzq271uA,20231113,1,0.06901311249137336,labeled
1d736STrZmM,20240820,2,0.10678056593699946,"closed, narrowed"
dTvnQjLcKbM,20231018,10,0.6684491978609626,"forced, handed, founded, ousted, outlawed, expected, transferred, canceled, meant, driven"
TD4b32NnAz8,20231012,7,0.3239241092086997,"decimated, opposed, sold, displaced, instructed, instructed, located"
BtLh-HcFA8Y,20240411,6,0.40733197556008144,"breached, limited, mentioned, targeted, shunned, done"
4WLnCCxbQc0,20231027,0,0.0,
l9JcPdD9XKo,20240603,15,0.43478260869565216,"confirmed, held, presented, submitted, presented, presented, brought, submitted, worried, given, given, killed, set, suggested, confirmed"
uC6VJnEUctQ,20240613,2,0.11587485515643105,"laid, laid"
5ltlb1Li5K4,20240123,6,0.19582245430809397,"dismantled, locked, believed, supported, invested, hit"
PTZivpzjoNQ,20240514,5,0.432152117545376,"arrested, seen, killed, given, brought"
BiSwT0ljRPM,20231209,6,0.25073129962390306,"killed, manufactured, displaced, shut, shut, shut"
uoX-K8O9lYk,20240903,1,0.09033423667570009,shot
TFr8X8Bc2S8,20231201,5,0.2582644628099174,"unveiled, orchestrated, hit, signed, supposed"
LEze_S20H_E,20240530,2,0.09980039920159679,"conducted, killed"
RUqJObE91Eo,20231025,6,0.1894537417113988,"asked, reported, distributed, fired, let, torn"
gCnkQRK0IJY,20231118,1,0.0774593338497289,killed
izNvwGo2G8o,20240808,9,0.44709388971684055,"developed, instituted, developed, used, deemed, hurt, killed, shut, brushed"
sdvW1YAPZBU,20240227,7,0.28865979381443296,"taken, released, targeted, finalized, signed, used, attacked"
6w5ShwRFEgs,20240618,2,0.49019607843137253,"expected, formed"
Rk7Q8B-FqPc,20240608,6,0.1886199308393587,"rejected, founded, expelled, destroyed, supported, elected"
zFclOJ9cC84,20240418,0,0.0,
DNn3FIenUBg,20240409,4,0.14614541468761416,"lost, supported, quoted, alluded"
DiSOkm52pNM,20240531,1,0.06341154090044387,evacuated
GIJQImodLwk,20240111,4,0.18841262364578426,"made, threatened, brought, brought"
VA2tiAHmbm0,20231104,6,0.30943785456420836,"proposed, established, attacked, driven, born, elected"
3MMrXclUn4o,20240607,1,0.16556291390728478,added
BxKsbGQN8bI,20240209,0,0.0,
YkhE__tT7MA,20231219,12,0.5853658536585366,"buried, shown, buried, killed, shown, prevented, released, released, killed, killed, killed, killed"
YXko1JbMs9E,20240907,5,0.4139072847682119,"shot, shot, shot, identified, shot"
NClxLXeu358,20240517,2,0.10141987829614604,"set, dropped"
8hXB7HJqvTg,20240419,19,0.3932933140136618,"activated, heard, related, informed, asked, carried, shot, intercepted, backed, triggered, put, hit, struck, upgraded, presented, shot, involved, struck, established"
-JgQbTVWdfs,20240801,16,0.4970487729108419,"killed, killed, targeted, confirmed, killed, killed, taken, killed, seen, killed, killed, established, accused, targeted, portrayed, killed"
7UWZAFGq59Y,20231213,5,0.2002402883460152,"destroyed, martyred, adopted, sent, opened"
nY-wo0iUeTk,20231224,2,0.1990049751243781,"killed, killed"
-hiLFXyM4UM,20240811,2,0.16666666666666669,"taken, rushed"
JrV3hW7wsgc,20240807,4,0.20533880903490762,"assassinated, seen, killed, engaged"
kD3wd2YLV24,20240506,3,0.24549918166939444,"watered, accepted, committed"
B9bQLW-pthA,20240312,0,0.0,
B9bQLW-pthA,20240312,0,0.0,
NK8hqpOL4Is,20231129,28,0.6321968841724994,"released, welcomed, released, hit, displaced, brought, destroyed, abducted, abducted, released, kept, released, surrounded, released, treated, kept, kept, kept, trained, approached, approved, made, murdered, trained, trained, released, met, released"
DFeeBJaLyWI,20240411,4,0.4434589800443459,"bombed, shaken, displaced, confirmed"
5u4pjrwsYH0,20240129,5,0.2915451895043732,"involved, displaced, given, pledged, leveled"
-XOz2IctcWo,20231013,7,0.3833515881708653,"hit, killed, killed, mixed, disconnected, given, targeted"
Xcs1jAmf2go,20231108,4,0.39100684261974583,"killed, killed, destroyed, displaced"
cKPjin6XT4U,20231021,2,0.23781212841854932,"founded, used"
XggSfFCRJuQ,20231203,4,0.7326007326007326,"linked, deployed, involved, reported"
179U7wS6H-4,20240720,10,0.9025270758122743,"triggered, sounded, detected, launched, launched, used, used, developed, used, involved"
qUDkZ6V1uKM,20231026,3,0.12264922322158626,"asked, called, released"
,,5,0.35137034434293746,"transmitted, presented, given, described, degraded"
